﻿{
   "CodeGenerationMode": 0,
   "ContextClassName": "Team111dbContext",
   "ContextNamespace": null,
   "DefaultDacpacSchema": null,
   "FilterSchemas": false,
   "IncludeConnectionString": false,
   "ModelNamespace": null,
   "OutputContextPath": null,
   "OutputPath": "Models",
   "ProjectRootNamespace": "ASP_Finalproject",
   "Schemas": null,
   "SelectedHandlebarsLanguage": 0,
   "SelectedToBeGenerated": 0,
   "Tables": [
      {
         "Name": "[dbo].[BRAND]",
         "ObjectType": 0
      },
      {
         "Name": "[dbo].[CUSTOMER]",
         "ObjectType": 0
      },
      {
         "Name": "[dbo].[ORDERLINE]",
         "ObjectType": 0
      },
      {
         "Name": "[dbo].[ORDERS]",
         "ObjectType": 0
      },
      {
         "Name": "[dbo].[PRODUCT]",
         "ObjectType": 0
      }
   ],
   "UiHint": "BUSCISSQL1901\\CISWEB.Team111DB",
   "UseBoolPropertiesWithoutDefaultSql": false,
   "UseDatabaseNames": false,
   "UseDbContextSplitting": false,
   "UseFluentApiOnly": false,
   "UseHandleBars": false,
   "UseInflector": true,
   "UseLegacyPluralizer": false,
   "UseNoConstructor": false,
   "UseNoNavigations": false,
   "UseNoObjectFilter": false,
   "UseNodaTime": false,
   "UseNullableReferences": false,
   "UseSpatial": false
}